<?xml version="1.0" encoding="UTF-8" ?>
<!DOCTYPE mapper
  PUBLIC "-//mybatis.org//DTD Mapper 3.0//EN"
  "http://mybatis.org/dtd/mybatis-3-mapper.dtd">
<mapper namespace="com.hisen.dao.BookDao">
  <!--redis缓存-->
  <cache type="com.hisen.dao.RedisCache"/>
  <!-- 目的：为dao接口方法提供sql语句配置 -->
  <select id="queryById" resultType="Book" parameterType="long">
    <!-- 具体的sql -->
    SELECT book_id,name,number,detail
    FROM
    book
    WHERE
    book_id = #{bookId}
  </select>

  <select id="queryAll" resultType="Book">
    SELECT
    book_id,
    name,
    number,
    detail
    FROM
    book
    ORDER BY
    book_id
    LIMIT #{offset}, #{limit}
  </select>

  <update id="updateBook" parameterType="Book">
    UPDATE book
    SET NAME = #{name},
    NUMBER = #{number},
    detail = #{detail}
    WHERE
    book_id = #{bookId}
    AND number > 0
  </update>

  <insert id="addBook">
    INSERT INTO book(`book_id`, `name`, `number`,`detail`)
    VALUES(#{bookId}, #{name}, #{number}, #{detail})
  </insert>

  <delete id="deleteBookById">
    DELETE FROM book WHERE book_id = #{bookId}
  </delete>
  <select id="countNum" resultType="java.lang.Integer">
    SELECT
    COUNT(*)
    FROM
    book
  </select>
</mapper>