<?xml version="1.0" encoding="UTF-8"?>
<!DOCTYPE mapper PUBLIC "-//mybatis.org//DTD Mapper 3.0//EN" "http://mybatis.org/dtd/mybatis-3-mapper.dtd">
<mapper namespace="com.hisen.dao.UserInfoMapper">
  <resultMap id="BaseResultMap" type="com.hisen.bean.entity.UserInfo">
    <!--
      WARNING - @mbggenerated
      This element is automatically generated by MyBatis Generator, do not modify.
      This element was generated on Sat Aug 26 20:58:48 CST 2017.
    -->
    <id column="id" jdbcType="INTEGER" property="id" />
    <result column="name" jdbcType="VARCHAR" property="name" />
    <result column="gender" jdbcType="INTEGER" property="gender" />
    <result column="age" jdbcType="INTEGER" property="age" />
    <result column="pwd" jdbcType="VARCHAR" property="pwd" />
    <result column="user_state" jdbcType="INTEGER" property="userState" />
    <result column="create_time" jdbcType="DATE" property="createTime" />
    <result column="last_time" jdbcType="DATE" property="lastTime" />
    <result column="update_time" jdbcType="DATE" property="updateTime" />
    <result column="user_type" jdbcType="INTEGER" property="userType" />
  </resultMap>
  <sql id="Example_Where_Clause">
    <!--
      WARNING - @mbggenerated
      This element is automatically generated by MyBatis Generator, do not modify.
      This element was generated on Sat Aug 26 20:58:48 CST 2017.
    -->
    <where>
      <foreach collection="oredCriteria" item="criteria" separator="or">
        <if test="criteria.valid">
          <trim prefix="(" prefixOverrides="and" suffix=")">
            <foreach collection="criteria.criteria" item="criterion">
              <choose>
                <when test="criterion.noValue">
                  and ${criterion.condition}
                </when>
                <when test="criterion.singleValue">
                  and ${criterion.condition} #{criterion.value}
                </when>
                <when test="criterion.betweenValue">
                  and ${criterion.condition} #{criterion.value} and #{criterion.secondValue}
                </when>
                <when test="criterion.listValue">
                  and ${criterion.condition}
                  <foreach close=")" collection="criterion.value" item="listItem" open="(" separator=",">
                    #{listItem}
                  </foreach>
                </when>
              </choose>
            </foreach>
          </trim>
        </if>
      </foreach>
    </where>
  </sql>
  <sql id="Update_By_Example_Where_Clause">
    <!--
      WARNING - @mbggenerated
      This element is automatically generated by MyBatis Generator, do not modify.
      This element was generated on Sat Aug 26 20:58:48 CST 2017.
    -->
    <where>
      <foreach collection="example.oredCriteria" item="criteria" separator="or">
        <if test="criteria.valid">
          <trim prefix="(" prefixOverrides="and" suffix=")">
            <foreach collection="criteria.criteria" item="criterion">
              <choose>
                <when test="criterion.noValue">
                  and ${criterion.condition}
                </when>
                <when test="criterion.singleValue">
                  and ${criterion.condition} #{criterion.value}
                </when>
                <when test="criterion.betweenValue">
                  and ${criterion.condition} #{criterion.value} and #{criterion.secondValue}
                </when>
                <when test="criterion.listValue">
                  and ${criterion.condition}
                  <foreach close=")" collection="criterion.value" item="listItem" open="(" separator=",">
                    #{listItem}
                  </foreach>
                </when>
              </choose>
            </foreach>
          </trim>
        </if>
      </foreach>
    </where>
  </sql>
  <sql id="Base_Column_List">
    <!--
      WARNING - @mbggenerated
      This element is automatically generated by MyBatis Generator, do not modify.
      This element was generated on Sat Aug 26 20:58:48 CST 2017.
    -->
    id, name, gender, age, pwd, user_state, create_time, last_time, update_time, user_type
  </sql>
  <select id="selectByExample" parameterType="com.hisen.bean.entity.UserInfoExample" resultMap="BaseResultMap">
    <!--
      WARNING - @mbggenerated
      This element is automatically generated by MyBatis Generator, do not modify.
      This element was generated on Sat Aug 26 20:58:48 CST 2017.
    -->
    select
    <if test="distinct">
      distinct
    </if>
    <include refid="Base_Column_List" />
    from user_info
    <if test="_parameter != null">
      <include refid="Example_Where_Clause" />
    </if>
    <if test="orderByClause != null">
      order by ${orderByClause}
    </if>
  </select>
  <select id="selectByPrimaryKey" parameterType="java.lang.Integer" resultMap="BaseResultMap">
    <!--
      WARNING - @mbggenerated
      This element is automatically generated by MyBatis Generator, do not modify.
      This element was generated on Sat Aug 26 20:58:48 CST 2017.
    -->
    select 
    <include refid="Base_Column_List" />
    from user_info
    where id = #{id,jdbcType=INTEGER}
  </select>
  <delete id="deleteByPrimaryKey" parameterType="java.lang.Integer">
    <!--
      WARNING - @mbggenerated
      This element is automatically generated by MyBatis Generator, do not modify.
      This element was generated on Sat Aug 26 20:58:48 CST 2017.
    -->
    delete from user_info
    where id = #{id,jdbcType=INTEGER}
  </delete>
  <delete id="deleteByExample" parameterType="com.hisen.bean.entity.UserInfoExample">
    <!--
      WARNING - @mbggenerated
      This element is automatically generated by MyBatis Generator, do not modify.
      This element was generated on Sat Aug 26 20:58:48 CST 2017.
    -->
    delete from user_info
    <if test="_parameter != null">
      <include refid="Example_Where_Clause" />
    </if>
  </delete>
  <insert id="insert" parameterType="com.hisen.bean.entity.UserInfo">
    <!--
      WARNING - @mbggenerated
      This element is automatically generated by MyBatis Generator, do not modify.
      This element was generated on Sat Aug 26 20:58:48 CST 2017.
    -->
    insert into user_info (id, name, gender, 
      age, pwd, user_state, 
      create_time, last_time, update_time, 
      user_type)
    values (#{id,jdbcType=INTEGER}, #{name,jdbcType=VARCHAR}, #{gender,jdbcType=INTEGER}, 
      #{age,jdbcType=INTEGER}, #{pwd,jdbcType=VARCHAR}, #{userState,jdbcType=INTEGER}, 
      #{createTime,jdbcType=DATE}, #{lastTime,jdbcType=DATE}, #{updateTime,jdbcType=DATE}, 
      #{userType,jdbcType=INTEGER})
  </insert>
  <insert id="insertSelective" parameterType="com.hisen.bean.entity.UserInfo">
    <!--
      WARNING - @mbggenerated
      This element is automatically generated by MyBatis Generator, do not modify.
      This element was generated on Sat Aug 26 20:58:48 CST 2017.
    -->
    insert into user_info
    <trim prefix="(" suffix=")" suffixOverrides=",">
      <if test="id != null">
        id,
      </if>
      <if test="name != null">
        name,
      </if>
      <if test="gender != null">
        gender,
      </if>
      <if test="age != null">
        age,
      </if>
      <if test="pwd != null">
        pwd,
      </if>
      <if test="userState != null">
        user_state,
      </if>
      <if test="createTime != null">
        create_time,
      </if>
      <if test="lastTime != null">
        last_time,
      </if>
      <if test="updateTime != null">
        update_time,
      </if>
      <if test="userType != null">
        user_type,
      </if>
    </trim>
    <trim prefix="values (" suffix=")" suffixOverrides=",">
      <if test="id != null">
        #{id,jdbcType=INTEGER},
      </if>
      <if test="name != null">
        #{name,jdbcType=VARCHAR},
      </if>
      <if test="gender != null">
        #{gender,jdbcType=INTEGER},
      </if>
      <if test="age != null">
        #{age,jdbcType=INTEGER},
      </if>
      <if test="pwd != null">
        #{pwd,jdbcType=VARCHAR},
      </if>
      <if test="userState != null">
        #{userState,jdbcType=INTEGER},
      </if>
      <if test="createTime != null">
        #{createTime,jdbcType=DATE},
      </if>
      <if test="lastTime != null">
        #{lastTime,jdbcType=DATE},
      </if>
      <if test="updateTime != null">
        #{updateTime,jdbcType=DATE},
      </if>
      <if test="userType != null">
        #{userType,jdbcType=INTEGER},
      </if>
    </trim>
  </insert>
  <select id="countByExample" parameterType="com.hisen.bean.entity.UserInfoExample" resultType="java.lang.Integer">
    <!--
      WARNING - @mbggenerated
      This element is automatically generated by MyBatis Generator, do not modify.
      This element was generated on Sat Aug 26 20:58:48 CST 2017.
    -->
    select count(*) from user_info
    <if test="_parameter != null">
      <include refid="Example_Where_Clause" />
    </if>
  </select>
  <update id="updateByExampleSelective" parameterType="map">
    <!--
      WARNING - @mbggenerated
      This element is automatically generated by MyBatis Generator, do not modify.
      This element was generated on Sat Aug 26 20:58:48 CST 2017.
    -->
    update user_info
    <set>
      <if test="record.id != null">
        id = #{record.id,jdbcType=INTEGER},
      </if>
      <if test="record.name != null">
        name = #{record.name,jdbcType=VARCHAR},
      </if>
      <if test="record.gender != null">
        gender = #{record.gender,jdbcType=INTEGER},
      </if>
      <if test="record.age != null">
        age = #{record.age,jdbcType=INTEGER},
      </if>
      <if test="record.pwd != null">
        pwd = #{record.pwd,jdbcType=VARCHAR},
      </if>
      <if test="record.userState != null">
        user_state = #{record.userState,jdbcType=INTEGER},
      </if>
      <if test="record.createTime != null">
        create_time = #{record.createTime,jdbcType=DATE},
      </if>
      <if test="record.lastTime != null">
        last_time = #{record.lastTime,jdbcType=DATE},
      </if>
      <if test="record.updateTime != null">
        update_time = #{record.updateTime,jdbcType=DATE},
      </if>
      <if test="record.userType != null">
        user_type = #{record.userType,jdbcType=INTEGER},
      </if>
    </set>
    <if test="_parameter != null">
      <include refid="Update_By_Example_Where_Clause" />
    </if>
  </update>
  <update id="updateByExample" parameterType="map">
    <!--
      WARNING - @mbggenerated
      This element is automatically generated by MyBatis Generator, do not modify.
      This element was generated on Sat Aug 26 20:58:48 CST 2017.
    -->
    update user_info
    set id = #{record.id,jdbcType=INTEGER},
      name = #{record.name,jdbcType=VARCHAR},
      gender = #{record.gender,jdbcType=INTEGER},
      age = #{record.age,jdbcType=INTEGER},
      pwd = #{record.pwd,jdbcType=VARCHAR},
      user_state = #{record.userState,jdbcType=INTEGER},
      create_time = #{record.createTime,jdbcType=DATE},
      last_time = #{record.lastTime,jdbcType=DATE},
      update_time = #{record.updateTime,jdbcType=DATE},
      user_type = #{record.userType,jdbcType=INTEGER}
    <if test="_parameter != null">
      <include refid="Update_By_Example_Where_Clause" />
    </if>
  </update>
  <update id="updateByPrimaryKeySelective" parameterType="com.hisen.bean.entity.UserInfo">
    <!--
      WARNING - @mbggenerated
      This element is automatically generated by MyBatis Generator, do not modify.
      This element was generated on Sat Aug 26 20:58:48 CST 2017.
    -->
    update user_info
    <set>
      <if test="name != null">
        name = #{name,jdbcType=VARCHAR},
      </if>
      <if test="gender != null">
        gender = #{gender,jdbcType=INTEGER},
      </if>
      <if test="age != null">
        age = #{age,jdbcType=INTEGER},
      </if>
      <if test="pwd != null">
        pwd = #{pwd,jdbcType=VARCHAR},
      </if>
      <if test="userState != null">
        user_state = #{userState,jdbcType=INTEGER},
      </if>
      <if test="createTime != null">
        create_time = #{createTime,jdbcType=DATE},
      </if>
      <if test="lastTime != null">
        last_time = #{lastTime,jdbcType=DATE},
      </if>
      <if test="updateTime != null">
        update_time = #{updateTime,jdbcType=DATE},
      </if>
      <if test="userType != null">
        user_type = #{userType,jdbcType=INTEGER},
      </if>
    </set>
    where id = #{id,jdbcType=INTEGER}
  </update>
  <update id="updateByPrimaryKey" parameterType="com.hisen.bean.entity.UserInfo">
    <!--
      WARNING - @mbggenerated
      This element is automatically generated by MyBatis Generator, do not modify.
      This element was generated on Sat Aug 26 20:58:48 CST 2017.
    -->
    update user_info
    set name = #{name,jdbcType=VARCHAR},
      gender = #{gender,jdbcType=INTEGER},
      age = #{age,jdbcType=INTEGER},
      pwd = #{pwd,jdbcType=VARCHAR},
      user_state = #{userState,jdbcType=INTEGER},
      create_time = #{createTime,jdbcType=DATE},
      last_time = #{lastTime,jdbcType=DATE},
      update_time = #{updateTime,jdbcType=DATE},
      user_type = #{userType,jdbcType=INTEGER}
    where id = #{id,jdbcType=INTEGER}
  </update>
  <select id="checkJWT" resultType="java.lang.String" parameterType="java.lang.String">
    SELECT pwd FROM user_info WHERE name = #{name,jdbcType=VARCHAR}
  </select>
</mapper>